{"cameraMode":{"drawMode":0,"name":"Shaded","section":"Shading Mode"},"sceneLighting":true,"audioPlay":false,"sceneViewState":{"m_AlwaysRefresh":false,"showFog":true,"showSkybox":true,"showFlares":true,"showImageEffects":true,"showParticleSystems":true,"showVisualEffectGraphs":true,"m_FxEnabled":true},"in2DMode":false,"pivot":{"x":6.364416599273682,"y":7.424352169036865,"z":-14.53410530090332},"rotation":{"x":-0.0842103660106659,"y":0.0005942691932432354,"z":-0.00004982402970199473,"w":-0.9964540004730225},"size":0.03174449875950813,"orthographic":false}